{
  "rf": {
    "mean": 0.9786480186480186,
    "std": 0.0075007583977286536
  },
  "xgb": {
    "mean": 0.9755710955710957,
    "std": 0.020883179158631655
  }
}